{
  "found": {
    "cadence-design-systems": [
      100000,
      177815
    ],
    "nuro": [
      185000,
      240000
    ],
    "citadel": [
      402500,
      415625
    ],
    "palantir": [
      189000,
      205250
    ],
    "state-street": [
      72800,
      90000
    ],
    "microsoft": [
      160000,
      177800
    ],
    "bytedance": [
      167500,
      200000
    ],
    "meta": [
      181000,
      195000
    ],
    "qualtrics": [
      156500,
      194100
    ],
    "ramp": [
      194741.26,
      288000
    ],
    "reddit": [
      145000,
      145000
    ],
    "maxar-technologies": [
      75000,
      96000
    ],
    "oracle": [
      140000,
      162500
    ],
    "celonis": [
      51027.428,
      51027.428
    ],
    "nvidia": [
      160000,
      178750
    ],
    "peraton": [
      82000,
      95000
    ],
    "tripadvisor": [
      130000,
      142000
    ],
    "anduril-industries": [
      197500,
      218750
    ],
    "cvs-health": [
      110976,
      127000
    ],
    "barclays": [
      52782.097,
      59954.433000000005
    ],
    "salesforce": [
      162000,
      188200
    ],
    "uber": [
      180000,
      200900
    ],
    "applied-intuition": [
      152500,
      225000
    ],
    "amazon": [
      173000,
      190000
    ],
    "thales": [
      21042.738,
      37991.86
    ],
    "hudson-river-trading": [
      249600,
      507500
    ],
    "boeing": [
      85000,
      104000
    ],
    "general-dynamics-mission-systems": [
      84200,
      96000
    ],
    "disney": [
      131347.5,
      150000
    ],
    "chime": [
      109000,
      147500
    ],
    "whatnot": [
      160000,
      198750
    ],
    "prudential-financial": [
      88000,
      100000
    ],
    "blackrock": [
      117000,
      143800
    ],
    "walmart": [
      100550,
      110500
    ],
    "tesla": [
      107000,
      160000
    ],
    "hpe": [
      100000,
      130000
    ],
    "geico": [
      120000,
      125000
    ],
    "blue-origin": [
      120000,
      130000
    ],
    "ixl-learning": [
      130000,
      145000
    ],
    "ciena": [
      68022.31999999999,
      74503.77
    ],
    "lucid": [
      99300,
      104895
    ],
    "adobe": [
      181900,
      200000
    ],
    "epsilon": [
      58240,
      75000
    ],
    "google": [
      165000,
      214000
    ],
    "fidelity-investments": [
      94925,
      94925
    ],
    "samsara": [
      155000,
      162687.5
    ],
    "aurora": [
      162500,
      199000
    ],
    "abbott": [
      82000,
      115000
    ],
    "databricks": [
      234900,
      247500
    ],
    "ibm": [
      80750,
      170000
    ],
    "spacex": [
      178750,
      200000
    ],
    "stripe": [
      205100,
      220400
    ],
    "epic": [
      117500,
      127000
    ],
    "cigna": [
      91025,
      100000
    ],
    "t-mobile": [
      97000,
      115000
    ],
    "scale-ai": [
      167000,
      265975
    ],
    "arm": [
      65078.9,
      76392.14
    ],
    "capital-one": [
      130000,
      142500
    ],
    "verkada": [
      176250,
      200500
    ],
    "jane-street": [
      325000,
      445000
    ],
    "nordstrom": [
      132000,
      137500
    ],
    "citi": [
      80000,
      106500
    ],
    "red-hat": [
      102000,
      115000
    ],
    "bae-systems": [
      88004.8,
      96000
    ],
    "gartner": [
      15390.392,
      17733.170000000002
    ],
    "duolingo": [
      185000,
      195625
    ],
    "northrop-grumman": [
      87000,
      90100
    ],
    "boston-scientific": [
      84655,
      91450
    ],
    "d2l": [
      53395.75,
      62449.19
    ],
    "jpmorgan-chase": [
      95000,
      130000
    ],
    "figma": [
      189000,
      255000
    ],
    "notion": [
      212227.5,
      247500
    ],
    "medtronic": [
      85000,
      98000
    ],
    "southwest-airlines": [
      90000,
      95000
    ],
    "general-motors": [
      91250,
      106000
    ],
    "comcast": [
      85760,
      102000
    ],
    "american-express": [
      91500,
      110000
    ],
    "susquehanna-international-group": [
      70000,
      256250
    ],
    "doordash": [
      172000,
      195000
    ],
    "atlassian": [
      100636,
      106163.414
    ],
    "appian": [
      119343.75,
      130000
    ],
    "intuit": [
      154250,
      161250
    ],
    "veeva-systems": [
      130000,
      147500
    ],
    "shopify": [
      68103.45999999999,
      85882.065
    ],
    "logitech": [
      123096.62,
      123096.62
    ],
    "draftkings": [
      154000,
      161900
    ],
    "paypal": [
      160000,
      220000
    ],
    "cummins": [
      81000,
      116000
    ],
    "apple": [
      157500,
      176250
    ],
    "fanatics": [
      125000,
      135000
    ],
    "honeywell": [
      87000,
      91000
    ],
    "nielsen": [
      17136.354,
      23121.079999999998
    ],
    "l3harris": [
      95000,
      100000
    ],
    "analog-devices": [
      88000,
      102750
    ],
    "accenture": [
      4157.664,
      5558.73
    ],
    "keysight": [
      106000,
      118000
    ],
    "aveva": [
      97000,
      131250
    ],
    "leidos": [
      70000,
      85000
    ],
    "motorola": [
      85000,
      100000
    ],
    "asml": [
      70995.575,
      88651.98999999999
    ],
    "verisk": [
      85000,
      89000
    ],
    "bridgewater-associates": [
      231250,
      250000
    ],
    "lenovo": [
      100000,
      150000
    ],
    "dexcom": [
      72000,
      128500
    ],
    "broadridge": [
      74000,
      90000
    ],
    "caci-international": [
      80000,
      100000
    ],
    "whoop": [
      80000,
      119750
    ],
    "raytheon": [
      87000,
      100000
    ],
    "3m": [
      86000,
      94000
    ],
    "carmax": [
      87000,
      94166.664
    ],
    "relativity-space": [
      120000,
      124000
    ],
    "pmg": [
      68000,
      75000
    ],
    "imc": [
      153734.12,
      163577.77
    ],
    "goldman-sachs": [
      99000,
      120000
    ],
    "kla": [
      111000,
      153000
    ],
    "morgan-stanley": [
      15239.086000000001,
      25028.687
    ],
    "hertz": [
      100000,
      125000
    ],
    "bank-of-america": [
      95000,
      115000
    ],
    "hive": [
      154000,
      214000
    ],
    "fico": [
      10973.063,
      16890.028000000002
    ],
    "fortinet": [
      65730.48400000001,
      71751.61
    ],
    "deutsche-bank": [
      70863.05,
      85629.49
    ],
    "microchip-technology": [
      80000,
      93000
    ],
    "wellington-management": [
      92000,
      100500
    ],
    "trimble": [
      85000,
      102000
    ],
    "stryker": [
      80000,
      133165
    ],
    "benchling": [
      195000,
      235000
    ],
    "ge-aerospace": [
      95000,
      100000
    ],
    "ntt-data": [
      17223.747,
      25020.948
    ],
    "openai": [
      237500,
      320000
    ],
    "centene": [
      75000,
      90900
    ],
    "applied-materials": [
      103600,
      145000
    ],
    "akuna-capital": [
      190000,
      287500
    ],
    "league": [
      77456.93,
      88829.666
    ],
    "qualcomm": [
      120000,
      143333.33
    ],
    "drw": [
      176000,
      258750
    ],
    "optiver": [
      190969.38,
      258781.3
    ],
    "global-relay": [
      48228.214,
      48228.214
    ],
    "alten": [
      29519.327,
      39470.417
    ],
    "cisco": [
      110250,
      130773.74
    ],
    "gap": [
      100000,
      126000
    ],
    "thoughtworks": [
      12511.623,
      14083.308
    ],
    "nutanix": [
      32212.882999999998,
      35609.810000000005
    ],
    "bcg": [
      155000,
      192000
    ],
    "datadog": [
      193250,
      193750
    ],
    "autodesk": [
      101666.664,
      153666.67
    ],
    "chevron": [
      110000,
      114000
    ],