{"found": {"cadence-design-systems": [100000, 177815], "nuro": [185000, 240000], "palantir": [190000, 211250], "state-street": [72800, 90000], "microsoft": [160000, 177800], "bytedance": [167500, 200000], "meta": [181000, 195000], "qualtrics": [156500, 194100], "ramp": [194741.26, 288000], "oracle": [140000, 162500], "nvidia": [160000, 178750], "peraton": [82000, 95000], "tripadvisor": [130000, 142000], "anduril-industries": [197500, 218750], "cvs-health": [110976, 127000], "barclays": [52782.097, 59954.433000000005], "salesforce": [162000, 188200], "uber": [180000, 200900], "applied-intuition": [152500, 225000], "amazon": [173000, 190000], "thales": [21042.738, 37991.86], "hudson-river-trading": [249600, 507500], "boeing": [85000, 104000], "general-dynamics-mission-systems": [84200, 96000], "disney": [131347.5, 150000], "whatnot": [160000, 198750], "prudential-financial": [88000, 100000], "blackrock": [117000, 143800], "walmart": [100550, 110500], "tesla": [107000, 160000], "hpe": [100000, 130000], "geico": [120000, 125000], "blue-origin": [120000, 130000], "ixl-learning": [130000, 145000], "ciena": [68022.31999999999, 74503.77], "lucid": [99300, 104895], "adobe": [181900, 200000], "epsilon": [58240, 75000], "google": [145000, 185750], "fidelity-investments": [94925, 94925], "samsara": [155000, 162687.5], "aurora": [162500, 199000], "abbott": [82000, 115000], "databricks": [234900, 247500], "ibm": [80750, 170000], "spacex": [178750, 200000], "stripe": [205100, 220400], "epic": [117500, 127000], "cigna": [91025, 100000], "t-mobile": [97000, 115000], "scale-ai": [167000, 265975], "arm": [65078.9, 76392.14], "capital-one": [130000, 137700], "verkada": [176250, 200500], "jane-street": [325000, 445000], "nordstrom": [132000, 137500], "citi": [80000, 106500], "red-hat": [102000, 115000], "bae-systems": [88004.8, 96000], "duolingo": [185000, 195625], "northrop-grumman": [87000, 90100], "boston-scientific": [84655, 91450], "d2l": [53395.75, 62449.19], "jpmorgan-chase": [95000, 130000], "figma": [189000, 255000], "notion": [212227.5, 247500], "medtronic": [85000, 98000], "southwest-airlines": [90000, 95000], "general-motors": [91250, 106000], "comcast": [85760, 102000], "american-express": [91500, 110000], "doordash": [172000, 195000], "atlassian": [100636, 106163.414], "appian": [119343.75, 130000], "intuit": [154250, 161250], "veeva-systems": [130000, 147500], "shopify": [68103.45999999999, 85882.065], "draftkings": [154000, 161900], "paypal": [160000, 220000], "cummins": [81000, 116000], "apple": [157500, 176250], "whoop": [80000, 119750], "roblox": [213370, 225250], "visa": [116276.665, 126000], "servicenow": [142450, 165500], "qualcomm": [120000, 143333.33], "benchling": [195000, 235000], "honeywell": [87000, 91000], "nielsen": [17136.354, 23121.079999999998], "waymo": [224000, 237000], "twitch": [194500, 274000], "plaid": [231250, 255000]}, "not_found": {}}