{"found": {"cadence-design-systems": [100000, 177815], "nuro": [185000, 240000], "palantir": [190000, 211250], "state-street": [72800, 90000], "microsoft": [160000, 177800], "bytedance": [167500, 200000], "meta": [181000, 195000], "qualtrics": [156500, 194100], "ramp": [194741.26, 288000], "oracle": [140000, 162500], "nvidia": [160000, 178750], "peraton": [82000, 95000], "tripadvisor": [130000, 142000], "anduril-industries": [197500, 218750], "cvs-health": [110976, 127000], "barclays": [52782.097, 59954.433000000005], "salesforce": [162000, 188200], "uber": [180000, 200900], "applied-intuition": [152500, 225000], "amazon": [173000, 190000], "thales": [21042.738, 37991.86], "hudson-river-trading": [249600, 507500], "boeing": [85000, 104000], "general-dynamics-mission-systems": [84200, 96000], "disney": [131347.5, 150000], "whatnot": [160000, 198750], "prudential-financial": [88000, 100000], "blackrock": [117000, 143800], "walmart": [100550, 110500], "tesla": [107000, 160000], "hpe": [100000, 130000], "geico": [120000, 125000], "blue-origin": [120000, 130000], "ixl-learning": [130000, 145000], "ciena": [68022.31999999999, 74503.77], "lucid": [99300, 104895], "adobe": [181900, 200000], "epsilon": [58240, 75000], "google": [145000, 185750], "fidelity-investments": [94925, 94925], "samsara": [155000, 162687.5], "aurora": [162500, 199000], "abbott": [82000, 115000], "databricks": [234900, 247500], "ibm": [80750, 170000], "spacex": [178750, 200000], "stripe": [205100, 220400], "epic": [117500, 127000], "cigna": [91025, 100000], "t-mobile": [97000, 115000], "scale-ai": [167000, 265975], "arm": [65078.9, 76392.14], "capital-one": [130000, 137700], "verkada": [176250, 200500], "jane-street": [325000, 445000], "nordstrom": [132000, 137500], "citi": [80000, 106500], "red-hat": [102000, 115000], "bae-systems": [88004.8, 96000], "duolingo": [185000, 195625], "northrop-grumman": [87000, 90100], "boston-scientific": [84655, 91450], "d2l": [53395.75, 62449.19], "jpmorgan-chase": [95000, 130000], "figma": [189000, 255000], "notion": [212227.5, 247500], "medtronic": [85000, 98000], "southwest-airlines": [90000, 95000], "general-motors": [91250, 106000], "comcast": [85760, 102000], "american-express": [91500, 110000], "doordash": [172000, 195000], "atlassian": [100636, 106163.414], "appian": [119343.75, 130000], "intuit": [154250, 161250], "veeva-systems": [130000, 147500], "shopify": [68103.45999999999, 85882.065], "draftkings": [154000, 161900], "paypal": [160000, 220000], "cummins": [81000, 116000], "apple": [157500, 176250], "whoop": [80000, 119750], "roblox": [213370, 225250], "visa": [116276.665, 126000], "servicenow": [142450, 165500], "qualcomm": [120000, 143333.33], "benchling": [195000, 235000], "honeywell": [87000, 91000], "nielsen": [17136.354, 23121.079999999998], "waymo": [224000, 237000], "l3harris": [95000, 100000], "analog-devices": [88000, 102750], "accenture": [4157.664, 5558.73], "keysight": [106000, 118000], "aveva": [97000, 131250], "leidos": [70000, 85000], "asml": [70995.575, 88651.98999999999], "verisk": [85000, 89000], "bridgewater-associates": [231250, 250000], "lenovo": [100000, 150000], "dexcom": [72000, 128500], "caci-international": [80000, 100000], "raytheon": [87000, 100000], "3m": [86000, 94000], "carmax": [87000, 94166.664], "relativity-space": [120000, 124000], "pmg": [68000, 75000], "imc": [153734.12, 163577.77], "goldman-sachs": [99000, 120000], "kla": [111000, 153000], "morgan-stanley": [15239.086000000001, 25028.687], "bank-of-america": [95000, 115000], "hive": [154000, 214000], "fico": [10973.063, 16890.028000000002], "fortinet": [65730.48400000001, 71751.61], "deutsche-bank": [70863.05, 85629.49], "microchip-technology": [80000, 93000], "wellington-management": [92000, 100500], "trimble": [85000, 102000], "stryker": [80000, 133165], "ge-aerospace": [95000, 100000], "ntt-data": [17223.747, 25020.948], "openai": [237500, 320000], "centene": [75000, 90900], "applied-materials": [103600, 145000]}, "not_found": ["kroll", "centific", "man", "newsbreak", "fanatics", "alphasights", "financial-technology-partners", "meshy", "cellular-sales", "ping-identity", "matic", "ss-c", "analytical-mechanics-associates", "extra-space-storage", "seminole-hard-rock", "interface-ai", "schweitzer-engineering-laboratories", "gannett-fleming", "atkinsr-alis", "silna-health", "chubb", "lawrence-berkeley-national-laboratory", "university-of-virginia", "eos", "konrad", "matx", "wyetech", "university-of-wyoming", "bny", "camlin", "motorola", "businessolver", "rbi", "uncountable", "worldpay", "nokia", "cohere", "badger-meter", "citadel", "tric-robotics", "ibc-bank", "chime", "maven-securities", "louisiana-state-university-lsu", "choice-hotels", "huntington-ingalls-industries", "uhaul", "apex-fintech", "point72", "ranger", "instawork", "western-southern-financial", "genuine-parts", "quest", "micron", "glide", "university-of-texas-at-austin", "logitech", "fireworks-ai", "magnite", "chatham-financial", "webfx", "commure", "horizon-surgical", "onto-innovation", "truist-bank", "steel-point", "ziprecruiter", "irhythm", "aprio", "m-t-bank", "ebsco", "jabil", "emerson-electric", "western-alliance-bancorporation", "dow-chemical", "sierra", "at-t", "mitsubishi-ufg", "warner-music", "moog", "vertiv", "light-wonder", "gartner", "ohio-state-university", "texas-a-m-university-corpus-christi", "reddit", "bmo", "marsh", "zoll-medical", "transcend", "sharp-electronics", "racetrac", "simis", "eos-energy-storage", "jahnel", "replit", "anaplan", "decagon", "itradenetwork", "hertz", "eliseai", "raymond-james-financial", "omnion-power", "old-mission", "ea", "tria-federal", "nodal", "gci", "tempus", "northeastern", "quinstreet", "veterans-united-home-loans", "sono-tek", "pennstate-university", "cobalt-robotics", "lambda", "10a-labs", "broadridge", "trm-labs", "globus-medical", "intersystems", "candid-health", "macy-s", "falconwood", "american-rare-earths", "scitec", "gotion", "labcorp", "wood", "exponent", "nbcuniversal", "mcadams", "equiti", "voleon", "domino-data-lab", "university-of-chicago", "glean", "wolverine-trading", "brm", "capco", "dubois", "reevo", "ag", "maintainx", "folia-health", "aechelon", "wing", "red-ventures", "medline", "aspentech", "anomali", "q2", "fidelity-national-information", "hp", "marmon", "wsp", "av", "super-micro-computer", "international-monetary-fund", "relx", "amentum", "agilent", "artech-information-system", "ai-fund", "continue", "unify", "worcester-polytechnic-institute", "penumbra", "ivo", "jump-trading", "aritzia", "arrow-electronics", "modernizing-medicine", "trillium", "valon", "nov", "hearst", "offdeal", "caris", "td", "vistra", "anant", "muon", "canonical", "sunco-lighting", "anduril", "l2tmedia", "cae", "exxonmobil", "credence", "owens-minor", "mandolin", "gm-financial", "yuzu-health", "metron", "warp", "teksynap", "universal", "auto-owners-insurance", "unisys", "path-robotics", "sf-giants", "prairie-view-a-m-university", "radiance", "american-axle-manufacturing", "augment", "horace-mann", "royal-carribean", "dallas-county", "iowa-state-university", "royal-bank-of-canada", "takeda", "weride", "argonne-national-laboratory", "sift", "harris", "datalab-usa", "assa-abloy", "semtech", "aurora-innovation", "informa", "diversified-automation", "university-of-miami", "garner-health", "keybank", "metecs", "fifth-third", "transmarket", "ovative", "mass-general-brigham", "west-virginia-university", "vulcan-materials", "home-depot", "teledyne", "zeiss", "ocean-optics", "mcdonald-s", "walker-dunlop", "sandisk", "ge-healthcare", "university-of-texas-austin", "zoll", "marvell", "csc", "plexus", "astreya", "zuma", "qode-world", "sagard", "stanley-black-decker", "brookhaven-lab", "jade", "tucows-domains", "solar-turbines", "symbotic", "vail", "aristocrat-leisure", "bumble-engineering", "freudenberg", "tucows", "dayton-freight-lines", "axiom-space", "brycetech", "american-university", "hexaware", "versaterm", "dave-busters", "sei-labs", "borgwarner", 